<?xml version="1.0" encoding="ISO-8859-1"?>

<video_bbcode>
	<provider tagoption="hulu">
		<title>Hulu</title>
		<url>http://www.hulu.com</url>
		<regex_url><![CDATA[http:\/\/www\.hulu\.com\/watch\/]]></regex_url>
		<regex_scrape><![CDATA[<link rel="video_src" href="http://www.hulu.com/embed/([^"]+)"]]></regex_scrape>
		<embed><![CDATA[<object class="restrain" type="application/x-shockwave-flash" width="512" height="296" data="http://www.hulu.com/embed/{vb:raw code}">
	<param name="movie" value="http://www.hulu.com/embed/{vb:raw code}" />
	<param name="wmode" value="transparent" />
	<!--[if IE 6]>
	<embed width="512" height="296" type="application/x-shockwave-flash" src="http://www.hulu.com/embed/{vb:raw code}" />
	<![endif]--></object>]]></embed>
	</provider>
	<provider tagoption="youtube">
		<title>YouTube</title>
		<url>http://www.youtube.com</url>
		<regex_url><![CDATA[http:\/\/www\.youtube\.com\/watch\?.*v=([a-z0-9-_]+)]]></regex_url>
		<regex_scrape></regex_scrape>
		<embed><![CDATA[<object class="restrain" type="application/x-shockwave-flash" width="640" height="385" data="http://www.youtube.com/v/{vb:raw code}?version=3&amp;color1=0xb1b1b1&amp;color2=0xcfcfcf&amp;feature=player_embedded">
	<param name="movie" value="http://www.youtube.com/v/{vb:raw code}?version=3&amp;color1=0xb1b1b1&amp;color2=0xcfcfcf&amp;feature=player_embedded" />
	<param name="wmode" value="transparent" />
	<param name="allowfullscreen" value="true" />
	<!--[if IE 6]>
	<embed width="640" height="385" type="application/x-shockwave-flash" src="http://www.youtube.com/v/{vb:raw code}?version=3&amp;color1=0xb1b1b1&amp;color2=0xcfcfcf&amp;feature=player_embedded" allowfullscreen="true" />
	<![endif]--></object>]]></embed>
	</provider>
	<provider tagoption="vimeo">
		<title>Vimeo</title>
		<url>http://www.vimeo.com</url>
		<regex_url><![CDATA[http:\/\/(?:www\.)?vimeo\.com\/([0-9]+)]]></regex_url>
		<regex_scrape></regex_scrape>
		<embed><![CDATA[<object class="restrain" type="application/x-shockwave-flash" width="640" height="360" data="http://vimeo.com/moogaloop.swf?clip_id={vb:raw code}">
	<param name="movie" value="http://vimeo.com/moogaloop.swf?clip_id={vb:raw code}" />
	<param name="wmode" value="transparent" />
	<!--[if IE 6]>
	<embed width="640" height="360" type="application/x-shockwave-flash" src="http://vimeo.com/moogaloop.swf?clip_id={vb:raw code}" />
	<![endif]--></object>]]></embed>
	</provider>
	<provider tagoption="dailymotion">
		<title>Dailymotion</title>
		<url>http://www.dailymotion.com</url>
		<regex_url><![CDATA[http:\/\/www\.dailymotion\.com(?:\/[^\/]+)?\/video\/([a-z0-9]+)]]></regex_url>
		<regex_scrape></regex_scrape>
		<embed><![CDATA[<object class="restrain" type="application/x-shockwave-flash" width="420" height="339" data="http://www.dailymotion.com/swf/{vb:raw code}">
	<param name="movie" value="http://www.dailymotion.com/swf/{vb:raw code}" />
	<param name="wmode" value="transparent" />
	<!--[if IE 6]>
	<embed width="420" height="339" type="application/x-shockwave-flash" src="http://www.dailymotion.com/swf/{vb:raw code}" />
	<![endif]--></object>]]></embed>
	</provider>
	<provider tagoption="metacafe">
		<title>Metacafe</title>
		<url>http://www.metacafe.com</url>
		<regex_url><![CDATA[http:\/\/www\.metacafe\.com\/watch\/([0-9a-z_\-\/]+)]]></regex_url>
		<regex_scrape></regex_scrape>
		<embed><![CDATA[<object class="restrain" type="application/x-shockwave-flash" width="400" height="345" data="http://www.metacafe.com/fplayer/{vb:raw code}.swf">
	<param name="movie" value="http://www.metacafe.com/fplayer/{vb:raw code}.swf" />
	<param name="wmode" value="transparent" />
	<!--[if IE 6]>
	<embed width="400" height="345" type="application/x-shockwave-flash" src="http://www.metacafe.com/fplayer/{vb:raw code}.swf" />
	<![endif]--></object>]]></embed>
	</provider>
	<provider tagoption="google">
		<title>Google</title>
		<url>http://video.google.com</url>
		<regex_url><![CDATA[http:\/\/video\.google\.com\/videoplay\?docid=([0-9\-]+)]]></regex_url>
		<regex_scrape></regex_scrape>
		<embed><![CDATA[<object class="restrain" type="application/x-shockwave-flash" width="400" height="326" data="http://video.google.com/googleplayer.swf?docid={vb:raw code}">
	<param name="movie" value="http://video.google.com/googleplayer.swf?docid={vb:raw code}" />
	<param name="wmode" value="transparent" />
	<!--[if IE 6]>
	<embed width="400" height="326" type="application/x-shockwave-flash" src="http://video.google.com/googleplayer.swf?docid={vb:raw code}" />
	<![endif]--></object>]]></embed>
	</provider>
	<provider tagoption="facebook">
		<title>facebook</title>
		<url>http://www.facebook.com</url>
		<regex_url><![CDATA[http:\/\/www\.facebook\.com\/video\/video.php\?v=([0-9]+)]]></regex_url>
		<regex_scrape></regex_scrape>
		<embed><![CDATA[<object class="restrain" type="application/x-shockwave-flash" width="576" height="432" data="http://www.facebook.com/v/{vb:raw code}">
	<param name="movie" value="http://www.facebook.com/v/{vb:raw code}" />
	<param name="wmode" value="transparent" />
	<!--[if IE 6]>
	<embed width="576" height="432" type="application/x-shockwave-flash" src="http://www.facebook.com/v/{vb:raw code}" />
	<![endif]--></object>]]></embed>
	</provider>
</video_bbcode>